{
  "name": "validarium",
  "title": "jQuery Validarium Plugin",
  "description": "Simple, easy and extensible form validation",
  "version": "2.0.0",
  "homepage": "https://github.com/Corollarium/validarium",
  "author": "Corollarium Tecnologia (http://www.corollarium.com)",
  "repository": {
    "type": "git",
    "url": "git://github.com/Corollarium/validarium.git"
  },
  "bugs": {
    "url": "https://github.com/Corollarium/validarium/issues"
  },
  "licenses": [
    {
      "type": "MIT",
      "url": "http://www.opensource.org/licenses/MIT"
    },
    {
      "type": "GPL",
      "url": "http://www.opensource.org/licenses/GPL-2.0"
    }
  ],
  "scripts": {
    "test": "lint qunit"
  },
  "dependencies": {
    "jquery": ">=1.7"
  },
  "devDependencies": {
    "grunt-contrib-jshint": "~0.8",
    "grunt-contrib-uglify": "~0.3",
    "grunt-contrib-qunit": "~0.4"
   },
  "keywords": [
    "validate",
    "form",
    "mask"
  ],
  "main": "Gruntfile.js",
  "directories": {
    "test": "test"
  },
  "license": "ISC"
}